Workbook
Name _Hlk148974274: Feuil3!$A$1

Sheet EFFECTIFS
B1: Gestion des ressources humaines | F1: Réseaux & télécom | J1: Finance comptabilité(DUT) | N1: Finance comptabilité | R1: Gestion des entreprises et administrations | V1: Marketing communication | Z1: Informatique de gestion | AE1: Informatique de gestion(DUT)
B2: Garçon | C2: Fille | E2: Total | F2: Garçon | G2: Fille | I2: Total | J2: Garçon | K2: Fille | M2: Total | N2: Garçon | O2: Fille | Q2: Total | R2: Garçon | S2: Fille | U2: Total | V2: Garçon | W2: Fille | Y2: Total | Z2: Garçon | AA2: Fille | AD2: Total | AE2: Garçon | AF2: Fille | AH2: Total
A3: Licence I(2019-2020) | B3: 2 | C3: 5 | D3: =(C3*100)/E3 -> 71.428571 | E3: 7 | F3: 3 | G3: 3 | H3: =(G3*100)/I3 -> 50 | I3: =F3+G3 -> 6 | J3: 5 | K3: 1 | L3: =(K3*100)/M3 -> 16.666667 | M3: 6 | N3: 4 | O3: 5 | P3: =(O3*100)/Q3 -> 55.555556 | Q3: 9 | R3: 3 | S3: 8 | T3: =(S3*100)/11 -> 72.727273 | U3: 11 | V3: 1 | W3: 9 | X3: =(W3*100)/Y3 -> 90 | Y3: 10 | Z3: 3 | AA3: 0 | AB3: =(AA3*100)/AD3 -> 0 | AD3: 3 | AE3: 5 | AF3: 7 | AG3: =(AF3*100)/AH3 -> 58.333333 | AH3: 12
A4: Licence I(2020-2021) | B4: 3 | C4: 3 | D4: =(C4*100)/E4 -> 50 | E4: 6 | F4: 7 | G4: 0 | H4: =(G4*100)/I4 -> 0 | I4: =F4+G4 -> 7 | J4: 4 | K4: 6 | L4: =(K4*100)/M4 -> 60 | M4: 10 | N4: 8 | O4: 5 | P4: =(O4*100)/Q4 -> 38.461538 | Q4: 13 | R4: 1 | S4: 4 | T4: =(S4*100)/11 -> 36.363636 | U4: 5 | V4: 3 | W4: 6 | X4: =(W4*100)/Y4 -> 66.666667 | Y4: 9 | Z4: 5 | AA4: 6 | AB4: =(AA4*100)/AD4 -> 54.545455 | AD4: 11 | AE4: 2 | AF4: 8 | AG4: =(AF4*100)/AH4 -> 80 | AH4: 10
A5: Licence I(2021-2022) | B5: 1 | C5: 5 | D5: =(C5*100)/E5 -> 83.333333 | E5: 6 | F5: 9 | G5: 5 | H5: =(G5*100)/I5 -> 35.714286 | I5: =F5+G5 -> 14 | J5: 3 | K5: 4 | L5: =(K5*100)/M5 -> 57.142857 | M5: 7 | N5: 6 | O5: 3 | P5: =(O5*100)/Q5 -> 33.333333 | Q5: 9 | R5: 10 | S5: 3 | T5: =(S5*100)/11 -> 27.272727 | U5: 13 | V5: 3 | W5: 4 | X5: =(W5*100)/Y5 -> 57.142857 | Y5: 7 | Z5: 8 | AA5: 4 | AB5: =(AA5*100)/AD5 -> 33.333333 | AD5: 12 | AE5: 9 | AF5: 6 | AG5: =(AF5*100)/AH5 -> 40 | AH5: 15
A6: Licence I(2022-2023) | B6: 6 | C6: 7 | D6: =(C6*100)/E6 -> 53.846154 | E6: 13 | F6: 11 | G6: 4 | H6: =(G6*100)/I6 -> 26.666667 | I6: =F6+G6 -> 15 | J6: 4 | K6: 8 | L6: =(K6*100)/M6 -> 66.666667 | M6: 12 | N6: 5 | O6: 8 | P6: =(O6*100)/Q6 -> 61.538462 | Q6: 13 | R6: 6 | S6: 2 | T6: =(S6*100)/11 -> 18.181818 | U6: 8 | V6: 7 | W6: 9 | X6: =(W6*100)/Y6 -> 56.25 | Y6: 16 | Z6: 6 | AA6: 6 | AB6: =(AA6*100)/AD6 -> 50 | AD6: 12 | AE6: 4 | AF6: 7 | AG6: =(AF6*100)/AH6 -> 63.636364 | AH6: 11
A7: Licence II(2019-2020) | B7: 4 | C7: 1 | D7: =(C7*100)/E7 -> 20 | E7: 5 | F7: 8 | G7: 2 | H7: =(G7*100)/I7 -> 20 | I7: =F7+G7 -> 10 | J7: 4 | K7: 4 | L7: =(K7*100)/M7 -> 50 | M7: 8 | N7: 3 | O7: 6 | P7: =(O7*100)/Q7 -> 66.666667 | Q7: 9 | R7: 4 | S7: 1 | T7: =(S7*100)/11 -> 9.0909091 | U7: 5 | V7: 2 | W7: 6 | X7: =(W7*100)/Y7 -> 75 | Y7: 8 | Z7: 3 | AA7: 1 | AB7: =(AA7*100)/AD7 -> 25 | AD7: 4 | AE7: 6 | AF7: 0 | AG7: =(AF7*100)/AH7 -> 0 | AH7: 6
A8: Licence II(2020-2021) | B8: 2 | C8: 5 | D8: =(C8*100)/E8 -> 71.428571 | E8: 7 | F8: 3 | G8: 3 | H8: =(G8*100)/I8 -> 50 | I8: =F8+G8 -> 6 | J8: 5 | K8: 1 | L8: =(K8*100)/M8 -> 16.666667 | M8: 6 | N8: 4 | O8: 5 | P8: =(O8*100)/Q8 -> 55.555556 | Q8: 9 | R8: 3 | S8: 8 | T8: =(S8*100)/11 -> 72.727273 | U8: 11 | V8: 1 | W8: 9 | X8: =(W8*100)/Y8 -> 90 | Y8: 10 | Z8: 3 | AA8: 0 | AB8: =(AA8*100)/AD8 -> 0 | AD8: 3 | AE8: 5 | AF8: 7 | AG8: =(AF8*100)/AH8 -> 58.333333 | AH8: 12
A9: Licence II(2021-2022) | B9: 3 | C9: 3 | D9: =(C9*100)/E9 -> 50 | E9: 6 | F9: 6 | G9: 0 | H9: =(G9*100)/I9 -> 0 | I9: =F9+G9 -> 6 | J9: 4 | K9: 6 | L9: =(K9*100)/M9 -> 60 | M9: 10 | N9: 8 | O9: 5 | P9: =(O9*100)/Q9 -> 38.461538 | Q9: 13 | R9: 1 | S9: 4 | T9: =(S9*100)/11 -> 36.363636 | U9: 5 | V9: 3 | W9: 6 | X9: =(W9*100)/Y9 -> 66.666667 | Y9: 9 | Z9: 5 | AA9: 6 | AB9: =(AA9*100)/AD9 -> 54.545455 | AD9: 11 | AE9: 2 | AF9: 8 | AG9: =(AF9*100)/AH9 -> 80 | AH9: 10
A10: Licence II(2022-2023) | B10: 1 | C10: 5 | D10: =(C10*100)/E10 -> 83.333333 | E10: 6 | F10: 9 | G10: 5 | H10: =(G10*100)/I10 -> 35.714286 | I10: =F10+G10 -> 14 | J10: 3 | K10: 4 | L10: =(K10*100)/M10 -> 57.142857 | M10: 7 | N10: 6 | O10: 3 | P10: =(O10*100)/Q10 -> 33.333333 | Q10: 9 | R10: 10 | S10: 3 | T10: =(S10*100)/11 -> 27.272727 | U10: 13 | V10: 3 | W10: 4 | X10: =(W10*100)/Y10 -> 57.142857 | Y10: 7 | Z10: 8 | AA10: 4 | AB10: =(AA10*100)/AD10 -> 33.333333 | AD10: 12 | AE10: 9 | AF10: 6 | AG10: =(AF10*100)/AH10 -> 40 | AH10: 15
A11: Licence III(2019-2020) | B11: 1 | C11: 1 | D11: =(C11*100)/E11 -> 50 | E11: 2 | F11: 3 | G11: 0 | H11: =(G11*100)/I11 -> 0 | I11: =F11+G11 -> 3 | N11: 1 | O11: 3 | P11: =(O11*100)/Q11 -> 75 | Q11: 4 | R11: 3 | S11: 2 | T11: =(S11*100)/11 -> 18.181818 | U11: 5 | V11: 0 | W11: 3 | X11: =(W11*100)/Y11 -> 100 | Y11: 3 | Z11: 2 | AA11: 1 | AB11: =(AA11*100)/AD11 -> 33.333333 | AD11: 3
A12: Licence III(2020-2021) | B12: 4 | C12: 1 | D12: =(C12*100)/E12 -> 20 | E12: 5 | F12: 8 | G12: 2 | H12: =(G12*100)/I12 -> 20 | I12: =F12+G12 -> 10 | N12: 3 | O12: 6 | P12: =(O12*100)/Q12 -> 66.666667 | Q12: 9 | R12: 4 | S12: 1 | T12: =(S12*100)/11 -> 9.0909091 | U12: 5 | V12: 2 | W12: 6 | X12: =(W12*100)/Y12 -> 75 | Y12: 8 | Z12: 3 | AA12: 1 | AB12: =(AA12*100)/AD12 -> 25 | AD12: 4
A13: Licence III(2021-2022) | B13: 2 | C13: 5 | D13: =(C13*100)/E13 -> 71.428571 | E13: 7 | F13: 3 | G13: 3 | H13: =(G13*100)/I13 -> 50 | I13: =F13+G13 -> 6 | N13: 4 | O13: 5 | P13: =(O13*100)/Q13 -> 55.555556 | Q13: 9 | R13: 3 | S13: 8 | T13: =(S13*100)/11 -> 72.727273 | U13: 11 | V13: 1 | W13: 9 | X13: =(W13*100)/Y13 -> 90 | Y13: 10 | Z13: 3 | AA13: 0 | AB13: =(AA13*100)/AD13 -> 0 | AD13: 3
A14: Licence III(2022-2023) | B14: 3 | C14: 3 | D14: =(C14*100)/E14 -> 50 | E14: 6 | F14: 6 | G14: 0 | H14: =(G14*100)/I14 -> 0 | I14: =F14+G14 -> 6 | N14: 8 | O14: 5 | P14: =(O14*100)/Q14 -> 38.461538 | Q14: 13 | R14: 1 | S14: 4 | T14: =(S14*100)/11 -> 36.363636 | U14: 5 | V14: 3 | W14: 6 | X14: =(W14*100)/Y14 -> 66.666667 | Y14: 9 | Z14: 5 | AA14: 6 | AB14: =(AA14*100)/AD14 -> 54.545455 | AD14: 11
F15: =SUM(F3:F14) -> 76 | G15: =SUM(G3:G14) -> 27 | H15: =(G15*100)/I15 -> 26.213592 | I15: =SUM(I3:I14) -> 103
B16: Maliens | E16: Etrangers | F16: Maliens | I16: Etrangers | J16: Maliens | M16: Etrangers | N16: Maliens | Q16: Etrangers | R16: Maliens | U16: Etrangers | V16: Maliens | Y16: Etrangers | Z16: Maliens | AD16: Etrangers | AE16: Maliens | AH16: Etrangers
C17: M | E17: E | F17: Pourcentage
A18: Licence I(2019-2020) | B18: =E3+I3+M3+Q3+U3+Y3+AD3+AH3 -> 64 | C18: 57 | E18: 7 | F18: =(E18*100)/B18 -> 10.9375
A19: Licence I(2020-2021) | B19: =E4+I4+M4+Q4+U4+Y4+AD4+AH4 -> 71 | C19: 63 | E19: 8 | F19: =(E19*100)/B19 -> 11.267606
A20: Licence I(2021-2022) | B20: =E5+I5+M5+Q5+U5+Y5+AD5+AH5 -> 83 | C20: 79 | E20: 4 | F20: =(E20*100)/B20 -> 4.8192771
A21: Licence I(2022-2023) | B21: =E6+I6+M6+Q6+U6+Y6+AD6+AH6 -> 100 | C21: 89 | E21: 11 | F21: =(E21*100)/B21 -> 11
A22: Licence II(2019-2020) | B22: =E7+I7+M7+Q7+U7+Y7+AD7+AH7 -> 55 | C22: 50 | E22: 5 | F22: =(E22*100)/B22 -> 9.0909091
A23: Licence II(2020-2021) | B23: =E8+I8+M8+Q8+U8+Y8+AD8+AH8 -> 64 | C23: 57 | E23: 7 | F23: =(E23*100)/B23 -> 10.9375
A24: Licence II(2021-2022) | B24: =E9+I9+M9+Q9+U9+Y9+AD9+AH9 -> 70 | C24: 63 | E24: 8 | F24: =(E24*100)/B24 -> 11.428571
A25: Licence II(2022-2023) | B25: =E10+I10+M10+Q10+U10+Y10+AD10+AH10 -> 83 | C25: 79 | E25: 4 | F25: =(E25*100)/B25 -> 4.8192771
A26: Licence III(2019-2020) | B26: =E11+I11+M11+Q11+U11+Y11+AD11+AH11 -> 20 | C26: 19 | E26: 1 | F26: =(E26*100)/B26 -> 5
A27: Licence III(2020-2021) | B27: =E12+I12+M12+Q12+U12+Y12+AD12+AH12 -> 41 | C27: 36 | E27: 5 | F27: =(E27*100)/B27 -> 12.195122
A28: Licence III(2021-2022) | B28: =E13+I13+M13+Q13+U13+Y13+AD13+AH13 -> 46 | C28: 39 | E28: 7 | F28: =(E28*100)/B28 -> 15.217391
A29: Licence III(2022-2023) | B29: =E14+I14+M14+Q14+U14+Y14+AD14+AH14 -> 50 | C29: 43 | E29: 8 | F29: =(E29*100)/B29 -> 16
B30: =SUM(B18:B29) -> 747 | C30: =SUM(C18:C29) -> 674 | E30: =SUM(E18:E29) -> 75 | F30: =(E30*100)/B30 -> 10.040161
A31: 2019-2020 | B31: =B26+B22+B18 -> 139
A32: 2020-2021 | B32: =B27+B23+B19 -> 176
A33: 2021-2022 | B33: =B28+B24+B20 -> 199
A34: 2022-2023 | B34: =B29+B25+B21 -> 233
B35: =SUM(B31:B34) -> 747
J56: =100/12 -> 8.3333333

Sheet Filles
A1: 21 | B1: 21 | C1: 29 | D1: 26
A3: 11 soit 20% | B3: 13 soit 38.88% | C3: 15 soit 38.46% | D3: 9 soit 40%
A5: 18 | B5: 21 | C5: 19 | D5: 19
A7: =(A5*100)/A1 -> 85.714286 | B7: =(B5*100)/B1 -> 100 | C7: =(C5*100)/C1 -> 65.517241 | D7: =(D5*100)/D1 -> 73.076923
G12: =100/9 -> 11.111111

Sheet Insert Prof IG  DUT
A1: Année univ. | C1: 2019-2020 | E1: 2020-2021 | G1: 2021-2022 | I1: 2022-2023
A4: Nbr. inscrits D2 | C4: 6 | E4: 12 | G4: 10 | I4: 15
A5: Nbr. total inscrits | C5: 14 | E5: 18 | G5: 19 | I5: 25
A7: Recherche d'emploi | B7: =(C7*100)/6 -> 33.333333 | C7: 2 | D7: =(E7*100)/12 -> 8.3333333 | E7: 1 | F7: =(G7*100)/10 -> 0 | G7: 0 | H7: =(I7*100)/15 -> 13.333333 | I7: 2
A8: En étude | B8: =(C8*100)/6 -> 16.666667 | C8: 1 | D8: =(E8*100)/12 -> 33.333333 | E8: 4 | F8: =(G8*100)/10 -> 40 | G8: 4 | H8: =(I8*100)/15 -> 20 | I8: 3
A9: En emploi | B9: =(C9*100)/6 -> 50 | C9: 3 | D9: =(E9*100)/12 -> 41.666667 | E9: 5 | F9: =(G9*100)/10 -> 60 | G9: 6 | H9: =(I9*100)/15 -> 60 | I9: 9
A10: En emploi et en étude | B10: =(C10*100)/6 -> 0 | C10: 0 | D10: =(E10*100)/12 -> 16.666667 | E10: 2 | F10: =(G10*100)/10 -> 0 | G10: 0 | H10: =(I10*100)/15 -> 6.6666667 | I10: 1

Sheet Insert Prof FC DUT
A1: Année univ. | C1: 2019-2020 | E1: 2020-2021 | G1: 2021-2022 | I1: 2022-2023
A4: Nbr. inscrits D2 | C4: 8 | E4: 6 | G4: 10 | I4: 7
A5: Nbr. total inscrits | C5: 14 | E5: 18 | G5: 19 | I5: 25
A7: Recherche d'emploi | B7: =(C7*100)/8 -> 62.5 | C7: 5 | D7: =(E7*100)/6 -> 66.666667 | E7: 4 | F7: =(G7*100)/10 -> 50 | G7: 5 | H7: =(I7*100)/7 -> 42.857143 | I7: 3
A8: En étude | B8: =(C8*100)/8 -> 0 | C8: 0 | D8: =(E8*100)/6 -> 0 | E8: 0 | F8: =(G8*100)/10 -> 0 | G8: 0 | H8: =(I8*100)/7 -> 0 | I8: 0
A9: En emploi | B9: =(C9*100)/8 -> 37.5 | C9: 3 | D9: =(E9*100)/6 -> 33.333333 | E9: 2 | F9: =(G9*100)/10 -> 50 | G9: 5 | H9: =(I9*100)/7 -> 57.142857 | I9: 4
A10: En emploi et en étude | B10: =(C10*100)/8 -> 0 | C10: 0 | D10: =(E10*100)/6 -> 0 | E10: 0 | F10: =(G10*100)/10 -> 0 | G10: 0 | H10: =(I10*100)/7 -> 0 | I10: 0

Sheet Insert Prof FC
A1: Année univ. | C1: 2019-2020 | E1: 2020-2021 | G1: 2021-2022 | I1: 2022-2023
A2: Nbr. inscrits L1 | C2: 7 | E2: 6 | G2: 6 | I2: 13
A3: Nbre inscrits L2 | C3: 5 | E3: 7 | G3: 6 | I3: 6
A4: Nbr. inscrits L3 | C4: 4 | E4: 9 | G4: 9 | I4: 13
A5: Nbr. total inscrits | C5: 14 | E5: 18 | G5: 19 | I5: 25
A7: Recherche d'emploi | B7: =(C7*100)/4 -> 25 | C7: 1 | D7: =(E7*100)/9 -> 22.222222 | E7: 2 | F7: =(G7*100)/9 -> 22.222222 | G7: 2 | H7: =(I7*100)/13 -> 7.6923077 | I7: 1
A8: En étude | B8: =(C8*100)/4 -> 25 | C8: 1 | D8: =(E8*100)/9 -> 22.222222 | E8: 2 | F8: =(G8*100)/9 -> 11.111111 | G8: 1 | H8: =(I8*100)/13 -> 30.769231 | I8: 4
A9: En emploi | B9: =(C9*100)/4 -> 50 | C9: 2 | D9: =(E9*100)/9 -> 55.555556 | E9: 5 | F9: =(G9*100)/9 -> 66.666667 | G9: 6 | H9: =(I9*100)/13 -> 61.538462 | I9: 8
A10: En emploi et en étude | B10: =(C10*100)/4 -> 0 | C10: 0 | D10: =(E10*100)/9 -> 0 | E10: 0 | F10: =(G10*100)/9 -> 0 | G10: 0 | H10: =(I10*100)/13 -> 0 | I10: 0

Sheet Insert Prof LMC
A1: Année univ. | C1: 2019-2020 | E1: 2020-2021 | G1: 2021-2022 | I1: 2022-2023
A2: Nbr. inscrits L1 | C2: 7 | E2: 6 | G2: 6 | I2: 13
A3: Nbre inscrits L2 | C3: 5 | E3: 7 | G3: 6 | I3: 6
A4: Nbr. inscrits L3 | C4: 3 | E4: 8 | G4: 10 | I4: 9 | K4: 3 | L4: 8 | M4: 10 | N4: 9
A5: Nbr. total inscrits | C5: 14 | E5: 18 | G5: 19 | I5: 25
A7: Recherche d'emploi | B7: =(C7*100)/3 -> 0 | C7: 0 | D7: =(E7*100)/8 -> 0 | E7: 0 | F7: =(G7*100)/10 -> 10 | G7: 1 | H7: =(I7*100)/9 -> 0 | I7: 0
A8: En étude | B8: =(C8*100)/3 -> 100 | C8: 3 | D8: =(E8*100)/8 -> 25 | E8: 2 | F8: =(G8*100)/10 -> 40 | G8: 4 | H8: =(I8*100)/9 -> 22.222222 | I8: 2
A9: En emploi | B9: =(C9*100)/3 -> 0 | C9: 0 | D9: =(E9*100)/8 -> 75 | E9: 6 | F9: =(G9*100)/10 -> 50 | G9: 5 | H9: =(I9*100)/9 -> 55.555556 | I9: 5
A10: En emploi et en étude | B10: =(C10*100)/3 -> 0 | C10: 0 | D10: =(E10*100)/8 -> 0 | E10: 0 | F10: =(G10*100)/10 -> 0 | G10: 0 | H10: =(I10*100)/9 -> 22.222222 | I10: 2

Sheet Insert Prof GEA
A1: Année univ. | C1: 2019-2020 | E1: 2020-2021 | G1: 2021-2022 | I1: 2022-2023
A2: Nbr. inscrits L1 | C2: 7 | E2: 6 | G2: 6 | I2: 13
A3: Nbre inscrits L2 | C3: 5 | E3: 7 | G3: 6 | I3: 6
A4: Nbr. inscrits L3 | C4: 5 | E4: 5 | G4: 11 | I4: 5 | K4: 5 | L4: 5 | M4: 11 | N4: 5
A5: Nbr. total inscrits | C5: 14 | E5: 18 | G5: 19 | I5: 25
A7: Recherche d'emploi | B7: =(C7*100)/5 -> 0 | C7: 0 | D7: =(E7*100)/5 -> 0 | E7: 0 | F7: =(G7*100)/11 -> 18.181818 | G7: 2 | H7: =(I7*100)/5 -> 0 | I7: 0
A8: En étude | B8: =(C8*100)/5 -> 20 | C8: 1 | D8: =(E8*100)/5 -> 40 | E8: 2 | F8: =(G8*100)/11 -> 27.272727 | G8: 3 | H8: =(I8*100)/5 -> 20 | I8: 1
A9: En emploi | B9: =(C9*100)/5 -> 80 | C9: 4 | D9: =(E9*100)/5 -> 60 | E9: 3 | F9: =(G9*100)/11 -> 54.545455 | G9: 6 | H9: =(I9*100)/5 -> 80 | I9: 4
A10: En emploi et en étude | B10: =(C10*100)/5 -> 0 | C10: 0 | D10: =(E10*100)/5 -> 0 | E10: 0 | F10: =(G10*100)/11 -> 0 | G10: 0 | H10: =(I10*100)/5 -> 0 | I10: 0

Sheet Insert Prof GRH
A1: Année univ. | C1: 2019-2020 | E1: 2020-2021 | G1: 2021-2022 | I1: 2022-2023
A2: Nbr. inscrits L1 | C2: 7 | E2: 6 | G2: 6 | I2: 13
A3: Nbre inscrits L2 | C3: 5 | E3: 7 | G3: 6 | I3: 6
A4: Nbr. inscrits L3 | C4: 2 | E4: 5 | G4: 7 | I4: 6
A5: Nbr. total inscrits | C5: 14 | E5: 18 | G5: 19 | I5: 25
A7: Recherche d'emploi | B7: =(C7*100)/2 -> 0 | C7: 0 | D7: =(E7*100)/5 -> 60 | E7: 3 | F7: =(G7*100)/7 -> 28.571429 | G7: 2 | H7: =(I7*100)/6 -> 16.666667 | I7: 1
A8: En étude | B8: =(C8*100)/2 -> 0 | C8: 0 | D8: =(E8*100)/5 -> 0 | E8: 0 | F8: =(G8*100)/7 -> 14.285714 | G8: 1 | H8: =(I8*100)/6 -> 16.666667 | I8: 1
A9: En emploi | B9: =(C9*100)/2 -> 100 | C9: 2 | D9: =(E9*100)/5 -> 20 | E9: 1 | F9: =(G9*100)/7 -> 57.142857 | G9: 4 | H9: =(I9*100)/6 -> 66.666667 | I9: 4
A10: En emploi et en étude | B10: =(C10*100)/2 -> 0 | C10: 0 | D10: =(E10*100)/5 -> 20 | E10: 1 | F10: =(G10*100)/7 -> 0 | G10: 0 | H10: =(I10*100)/6 -> 0 | I10: 0

Sheet Insert Pro IG
A1: Année univ. | C1: 2019-2020 | E1: 2020-2021 | G1: 2021-2022 | I1: 2022-2023
A2: Nbr. inscrits L1 | C2: 3 | E2: 11 | G2: 12 | I2: 12
A3: Nbre inscrits L2 | C3: 4 | E3: 3 | G3: 11 | I3: 12
A4: Nbr. inscrits L3 | B4: =(C7*100)/C4 -> 33.333333 | C4: 3 | E4: 4 | G4: 3 | I4: 11
A5: Nbr. total inscrits | C5: 10 | E5: 18 | G5: 26 | I5: 35
A7: Recherche d'emploi | B7: =(C7*100)/3 -> 33.333333 | C7: 1 | D7: =(E7*100)/E4 -> 50 | E7: 2 | F7: =(G7*100)/3 -> 0 | G7: 0 | H7: =(I7*100)/11 -> 27.272727 | I7: 3
A8: En étude | B8: =(C8*100)/3 -> 0 | C8: 0 | D8: =(E8*100)/4 -> 25 | E8: 1 | F8: =(G8*100)/3 -> 33.333333 | G8: 1 | H8: =(I8*100)/11 -> 18.181818 | I8: 2
A9: En emploi | B9: =(C9*100)/3 -> 66.666667 | C9: 2 | D9: =(E9*100)/4 -> 25 | E9: 1 | F9: =(G9*100)/3 -> 66.666667 | G9: 2 | H9: =(I9*100)/11 -> 45.454545 | I9: 5
A10: En emploi et en étude | B10: =(C10*100)/3 -> 0 | C10: 0 | D10: =(E10*100)/E7 -> 0 | E10: 0 | F10: =(G10*100)/3 -> 0 | G10: 0 | H10: =(I10*100)/11 -> 9.0909091 | I10: 1

Sheet CM TD TP
A1: =(#REF!*100)/A2 -> #REF! | B1: =(#REF!*100)/B2 -> #REF! | C1: =(#REF!*100)/C2 -> #REF! | D1: =(#REF!*100)/D2 -> #REF! | E1: =(#REF!*100)/E2 -> #REF! | F1: =(#REF!*100)/F2 -> #REF! | G1: =(#REF!*100)/G2 -> #REF! | H1: =(#REF!*100)/H2 -> #REF! | ... L1: =(#REF!*100)/L2 -> #REF!
L3: 200
C4: CM | D4: TD | E4: TP | F4: CE | H4: Projet tutoré | I4: Stage
A5: L1 | B5: Semestre I | C5: 264 | D5: 85 | E5: 85 | F5: 166 | G5: =SUM(C5:F5) -> 600
B6: Semestre II | C6: 284 | D6: 90 | E6: 90 | F6: 136 | G6: =SUM(C6:F6) -> 600 | L6: 60
B7: Total | C7: =SUM(C5:C6) -> 548 | D7: =SUM(D5:D6) -> 175 | E7: =SUM(E5:E6) -> 175 | F7: =SUM(F5:F6) -> 302 | G7: =SUM(G5:G6) -> 1200 | L7: 40
A8: L2 | B8: Semestre III | C8: 298 | D8: 96 | E8: 96 | F8: 110 | G8: =SUM(C8:F8) -> 600 | L8: 40
B9: Semestre IV | C9: 240 | D9: 85 | E9: 85 | F9: 190 | G9: =SUM(C9:F9) -> 600 | I9: 120
B10: Total | C10: =SUM(C8:C9) -> 538 | D10: =SUM(D8:D9) -> 181 | E10: =SUM(E8:E9) -> 181 | F10: =SUM(F8:F9) -> 300 | G10: =SUM(G8:G9) -> 1200
A11: L3 | B11: Semestre V | C11: 300 | D11: 105 | E11: 105 | F11: 90 | G11: =SUM(C11:F11) -> 600 | H11: 120
B12: Semestre VI | C12: 200 | D12: 80 | E12: 80 | F12: 240 | G12: =SUM(C12:F12) -> 600 | H12: 100 | I12: 240
B13: Total | C13: =SUM(C11:C12) -> 500 | D13: =SUM(D11:D12) -> 185 | E13: =SUM(E11:E12) -> 185 | F13: =SUM(F11:F12) -> 330 | G13: =SUM(G11:G12) -> 1200
I15: 548 | J15: 538 | K15: 500 | L15: =SUM(I15:K15) -> 1586
B16: =C8+C12 -> 498 | C16: =D7+D12 -> 255 | D16: =E10+E12 -> 261 | I16: 175 | J16: 181 | K16: 185 | L16: =SUM(I16:K16) -> 541
I17: 175 | J17: 181 | K17: 185 | L17: =SUM(I17:K17) -> 541
D18: 60 | E18: 30 | F18: 30
D19: 30 | E19: 50 | F19: 30 | I19: 548 | J19: 460 | K19: =SUM(I19:J19) -> 1008
D20: 60 | E20: 30 | F20: 20 | I20: 176 | J20: 128 | K20: =SUM(I20:J20) -> 304
D21: 40 | E21: 20 | F21: 20 | I21: 176 | J21: 128 | K21: =SUM(I21:J21) -> 304
D22: 40 | E22: 20 | F22: 120 | J22: 1 | K22: =(J22*100)/24 -> 4.1666667
D23: =SUM(D18:D22) -> 230 | E23: =SUM(E18:E22) -> 150 | F23: =SUM(F18:F22) -> 220 | J23: 15 | K23: =(J23*100)/24 -> 62.5
J24: 8 | K24: =(J24*100)/24 -> 33.333333

Sheet Feuil6
A1: =EFFECTIFS!B18 -> 64 | B1: =EFFECTIFS!C18 -> 57 | C1: =EFFECTIFS!E18 -> 7 | D1: =EFFECTIFS!F18 -> 10.9375
A2: =EFFECTIFS!B19 -> 71 | B2: =EFFECTIFS!C19 -> 63 | C2: =EFFECTIFS!E19 -> 8 | D2: =EFFECTIFS!F19 -> 11.267606
A3: =EFFECTIFS!B20 -> 83 | B3: =EFFECTIFS!C20 -> 79 | C3: =EFFECTIFS!E20 -> 4 | D3: =EFFECTIFS!F20 -> 4.8192771
A4: =EFFECTIFS!B21 -> 100 | B4: =EFFECTIFS!C21 -> 89 | C4: =EFFECTIFS!E21 -> 11 | D4: =EFFECTIFS!F21 -> 11
A5: =EFFECTIFS!B22 -> 55 | B5: =EFFECTIFS!C22 -> 50 | C5: =EFFECTIFS!E22 -> 5 | D5: =EFFECTIFS!F22 -> 9.0909091
A6: =EFFECTIFS!B23 -> 64 | B6: =EFFECTIFS!C23 -> 57 | C6: =EFFECTIFS!E23 -> 7 | D6: =EFFECTIFS!F23 -> 10.9375
A7: =EFFECTIFS!B24 -> 70 | B7: =EFFECTIFS!C24 -> 63 | C7: =EFFECTIFS!E24 -> 8 | D7: =EFFECTIFS!F24 -> 11.428571
A8: =EFFECTIFS!B25 -> 83 | B8: =EFFECTIFS!C25 -> 79 | C8: =EFFECTIFS!E25 -> 4 | D8: =EFFECTIFS!F25 -> 4.8192771
A9: =EFFECTIFS!B26 -> 20 | B9: =EFFECTIFS!C26 -> 19 | C9: =EFFECTIFS!E26 -> 1 | D9: =EFFECTIFS!F26 -> 5
A10: =EFFECTIFS!B27 -> 41 | B10: =EFFECTIFS!C27 -> 36 | C10: =EFFECTIFS!E27 -> 5 | D10: =EFFECTIFS!F27 -> 12.195122
A11: =EFFECTIFS!B28 -> 46 | B11: =EFFECTIFS!C28 -> 39 | C11: =EFFECTIFS!E28 -> 7 | D11: =EFFECTIFS!F28 -> 15.217391
A12: =EFFECTIFS!B29 -> 50 | B12: =EFFECTIFS!C29 -> 43 | C12: =EFFECTIFS!E29 -> 8 | D12: =EFFECTIFS!F29 -> 16
A13: =EFFECTIFS!B30 -> 747 | B13: =EFFECTIFS!C30 -> 674 | C13: =EFFECTIFS!E30 -> 75 | D13: =EFFECTIFS!F30 -> 10.040161

Sheet Feuil3
A1: Conventions de partenariats avec certains organismes du monde socioprofessionnel
A2: Convocation, rapport de validation et liste de présence des membres des commissions d’élaboration du programme
A3: Référentiel-développement-SI-CAMES 41
A4: Décret N° 790/P-RM/du 31 Déc. 2008, Portant Institution du système LMD dans l’enseignement Supérieur au Mali
A5: Cadre organique de l’EPSFé
A6: Actes de nomination des membres de l’équipe pédagogique
A7: Règlements intérieurs
A8: Listes de présence des étudiants aux évaluations
A9: Cahier de suivi
A10: Rapport de sondage ou de la scolarité
A11: Plan de communication
A12: Fiche d’évaluation des enseignements par les étudiants
... A23: Carnet des stages

Sheet Feuil2
A1: 65 | B1: Licence 1
A2: 110 | B2: Licence 2
A3: 96 | B3: Licence 3
A4: 92 | B4: Master 1
A5: 90 | B5: Master 2
A6: =SUM(A1:A5) -> 453 | B6: Total

Sheet Feuil5
A1: Monsieur | B1: BERTE Yacouba | C1: Directeur des Etudes
A2: Monsieur | B2: BERTHE Ahmadou | C2: Responsable qualité de la formation
A3: Monsieur | B3: NIARE Issa | C3: Surveillant Général
A4: Madame | B4: SOGOBA Rokiatou | C4: Gestion et comptabilité
A5: Monsieur | B5: DOUMBIA Moussa | C5: Moniteur
A6: Madame | B6: DIABY Fatoumata | C6: Monitrice
A7: Madame | B7: SAVADOGO Salimata | C7: Assistante de Direction
A8: Monsieur | B8: HALAM Falla dit Abba | C8: Responsable bureautique et informatique
A9: Monsieur | B9: SIDIBE Drissa | C9: Professeur
A10: Monsieur | B10: DICKO Abderhamane | C10: Professeur
A11: Monsieur | B11: TOGO Mohamed | C11: Professeur
A12: Monsieur | B12: TRAORE Yaya | C12: Professeur
... A18: Monsieur | B18: KEITA Siriman | C18: Parent d’étudiant
